Arbeit,K1_semantische_Unterstuetzung,K2_deterministische_Pre_Write_Kontrolle,K3_unabhaengige_Faktoridentifikation,K4_Informations_und_Bewertungsparitaet,K5_gemeinsame_Entscheidungsevidenz,Codierbegruendung,Volltextfundstelle
PolicyBank,vollstaendig,nicht_abgedeckt,nicht_abgedeckt,teilweise,teilweise,"Strukturierte toolbezogene Policy-Erkenntnisse werden dem Agenten bereitgestellt; eine deterministische Pre-Write-Komponente wird nicht evaluiert. Die Policy-Gap-Behandlung veraendert die wirksame Policy-Information. Aufgabenerfolg wird gemessen, aber Regression, Wiederherstellung und Aufwand werden nicht vollstaendig gemeinsam betrachtet.","Abschnitte 3-6"
Tau-Knowledge,vollstaendig,nicht_abgedeckt,nicht_abgedeckt,vollstaendig,teilweise,"Der Agent erhaelt abgerufene unstrukturierte Wissensinhalte fuer Policy-Schlussfolgerungen auf gemeinsamen Benchmarkaufgaben mit externer Zustandsreferenz. Eine unabhaengig evaluierte deterministische Pre-Write-Kontrolle sowie die gemeinsame Abdeckung von Wiederherstellung und Ressourcenaufwand fehlen.","Abschnitte 4-7"
fastWorkflow,vollstaendig,teilweise,nicht_abgedeckt,vollstaendig,teilweise,"Modulare semantische Workflow-Unterstuetzung wird durch Komponentenablationen auf gemeinsamen Aufgaben untersucht. Parameter- und Kontextvalidierung begrenzen die Ausfuehrung, bilden aber nicht das als K2 definierte unabhaengige deterministische Policy- und Evidenz-Gate. Stabilitaet und Kosten werden berichtet; Regressions- und Wiederherstellungsevidenz bleibt unvollstaendig.","Abschnitte 4-5 und Anhang B"
Agent-C,nicht_abgedeckt,vollstaendig,nicht_abgedeckt,vollstaendig,teilweise,"Natuerlichsprachliche temporale Bedingungen werden fuer die Laufzeitdurchsetzung kompiliert und nicht als beratende semantische Unterstuetzung an den nativen Agenten gegeben. Die Kontrolle prueft Aktionsfolgen unter gemeinsamen Evaluationsbedingungen. Die fuer K5 verlangte gemeinsame Entscheidungsevidenz bleibt unvollstaendig.","Abschnitte 3-6"
ToolGuard,nicht_abgedeckt,vollstaendig,nicht_abgedeckt,vollstaendig,teilweise,"Unternehmens-Policies werden in transparente Guards uebersetzt, die vorgeschlagene Toolaktionen vor der Ausfuehrung pruefen. Ein unabhaengiger Faktor semantischer Unterstuetzung sowie die vollstaendige gemeinsame Betrachtung von Regression, Wiederherstellung und Aufwand fehlen.","Abschnitte 3-6"
Cordon,nicht_abgedeckt,vollstaendig,nicht_abgedeckt,teilweise,vollstaendig,"Semantic Transaction bezeichnet eine aufgabenbezogene Commit-Grenze und keine beratende semantische Unterstuetzung des Agenten. Effekte werden vorbereitet, validiert und anschliessend freigegeben oder zurueckgerollt. Risiko- und Benign-Evaluation liefern breite Entscheidungsevidenz, stellen aber keine vollstaendige Paritaet aller Vergleichsbedingungen her.","Abschnitte 3-6"
Verifier Tax,nicht_abgedeckt,teilweise,nicht_abgedeckt,vollstaendig,vollstaendig,"Verglichen werden heterogene Verifier- und Blockierungsarchitekturen auf festgelegten Aufgaben und Benchmarkreferenzen. Sie vermitteln Aktionen vor der Ausfuehrung, sind jedoch nicht durchgaengig deterministische Kontrollen. Sicherer Erfolg, Blockierungsfehler, Wiederherstellung und Tokenaufwand werden gemeinsam berichtet.","Abschnitte 3-5"
SABER,teilweise,teilweise,teilweise,vollstaendig,teilweise,"Gezielte Reflexion bietet gekoppelte semantische Unterstuetzung; mutationsgebundene Nutzerverifikation vermittelt riskante Aktionen, ohne deterministische Policy-Durchsetzung zu bilden. Ablationen ermoeglichen einen faktoraehnlichen Vergleich, waehrend Context Cleaning gekoppelt bleibt. Gemeinsame Aufgaben und korrigierte Ground Truth tragen K4; vollstaendige Evidenz zu Fehlblockierung, Wiederherstellung und Aufwand fehlt.","Abschnitte 5-8 und Anhang"
Diese_Arbeit_Evaluationsdesign,vollstaendig,vollstaendig,vollstaendig,vollstaendig,vollstaendig,"Prospektiver Untersuchungsumfang: unabhaengige A/B-Schalter, gemeinsame Aufgaben und gepaarte Seeds, identische zulaessige Domaeneninformation und externe Ground Truth sowie gemeinsame Masse fuer Aufgabenerfolg, Kontrollfehler und Regressionen, Wiederherstellung und Ressourcen. Die Zeile behauptet weder empirische Wirksamkeit noch qualitative Ueberlegenheit.","Kapitel 4-5"
